COD_DISBAR,BARRIOS,ANIO,LATITUD,LONGITUD,num_hospedajes,num_terrazas,num_personas_entre_15_a_44_anios,num_personas_desempleadas,num_personas_con_educacion_superior,num_personas_extranjeras,media_personas_por_vivienda,precio_vivienda_usadas_euro_m2,valor_renta_media,IG,ESTADOGENTRIFICACION
11,PALACIO,2016,4474110.875,439417.7914,0.00891089108910891,0.8902439024390244,0.25709841554401414,0.2203883495145631,0.3835932752683816,0.30344827586206896,0.5710227272727273,0.3807710068683326,0.30811741815537397,0.37,Gentrificando
11,PALACIO,2018,4474110.875,439417.7914,0.05,0.9634146341463415,0.2547784134349213,0.20614886731391585,0.4007291877658497,0.32023265475695883,0.5710227272727273,0.4799602513517463,0.3347959720807762,0.4,Gentrificando
11,PALACIO,2019,4474110.875,439417.7914,0.5381188118811882,0.9695121951219513,0.2608420553109594,0.19983818770226539,0.42167308081831073,0.33469048608226004,0.5767045454545454,0.5897693993862341,0.34284207826975893,0.47,Gentrificando
12,EMBAJADORES,2016,4473417.211,440397.1764,0.020297029702970298,0.6097560975609756,0.5964250876591706,0.5419093851132686,0.6254000405104314,0.9215621105110094,0.5880681818181819,0.35548034487797747,0.23092844202373825,0.5,Gentrificando
12,EMBAJADORES,2018,4473417.211,440397.1764,0.07524752475247524,0.6280487804878049,0.5908096280087527,0.4703883495145631,0.6676929309297144,0.9368508516825924,0.5795454545454546,0.4895385065029958,0.25102883876775706,0.52,Gentrificando
12,EMBAJADORES,2019,4473417.211,440397.1764,1.0,0.6646341463414634,0.6033323666657878,0.4375404530744337,0.7031800688677334,0.9862068965517241,0.5823863636363636,0.5153423936869793,0.2583876041921318,0.64,Gentrificando
13,CORTES,2016,4474035.577,440880.1521,0.0039603960396039604,0.3536585365853659,0.13007830007118187,0.1087378640776699,0.19700222807372897,0.18138761944329038,0.5625,0.42981382434604704,0.31292455529950447,0.25,Riesgo bajo de gentrificación
13,CORTES,2018,4474035.577,440880.1521,0.030693069306930693,0.38414634146341464,0.12752102501911367,0.08381877022653722,0.20478023090945918,0.1921894474449522,0.5511363636363636,0.6200309805640801,0.33746877084277116,0.28,Riesgo bajo de gentrificación
13,CORTES,2019,4474035.577,440880.1521,0.3673267326732673,0.3780487804878049,0.12870738973399068,0.08624595469255664,0.21069475389912903,0.20108018280016618,0.5511363636363636,0.6423264650007307,0.3613583761340302,0.33,Riesgo medio de gentrificación
14,JUSTICIA,2016,4475014.208,440900.7625,0.00891089108910891,0.4024390243902439,0.20329018480925892,0.14158576051779936,0.3141583957869151,0.2527627752388866,0.5596590909090909,0.5081186614058161,0.35157340111928703,0.3,Riesgo medio de gentrificación
14,JUSTICIA,2018,4475014.208,440900.7625,0.03663366336633663,0.4085365853658537,0.20350109409190373,0.12702265372168284,0.33097022483289446,0.28334025758205234,0.5625,0.6876925325149789,0.3892409108621661,0.34,Riesgo medio de gentrificación
14,JUSTICIA,2019,4475014.208,440900.7625,0.4207920792079208,0.4207317073170732,0.20858928053570958,0.13349514563106796,0.3496860441563703,0.30469464063149143,0.5681818181818182,0.6948367674996346,0.40149428789797503,0.39,Gentrificando
15,UNIVERSIDAD,2016,4475244.247,440020.8477,0.007920792079207921,0.5121951219512195,0.39450581318710287,0.30032362459546924,0.5254202957261495,0.5184877440797673,0.5596590909090909,0.42232821861756537,0.27789595520380395,0.39,Gentrificando
15,UNIVERSIDAD,2018,4475244.247,440020.8477,0.06633663366336634,0.524390243902439,0.3953758139780127,0.2511326860841424,0.5639457160218756,0.5380141254673867,0.5568181818181819,0.5891193920794974,0.2964249976924506,0.42,Gentrificando
15,UNIVERSIDAD,2019,4475244.247,440020.8477,0.7064356435643564,0.5487804878048781,0.41056128232843847,0.2587378640776699,0.6036864492606846,0.5687577897798088,0.5568181818181819,0.6375425982756101,0.307666818443557,0.51,Gentrificando
16,SOL,2016,4474314.564,440226.8442,0.007425742574257425,1.0,0.09559463235875669,0.0762135922330097,0.12558233745189387,0.1570419609472372,0.5596590909090909,0.43234370889960544,0.26433046115844006,0.3,Riesgo medio de gentrificación
16,SOL,2018,4474314.564,440226.8442,0.04455445544554455,1.0,0.09050644591495083,0.06634304207119741,0.12781041118087907,0.14997922725384294,0.5482954545454546,0.5996457693993863,0.2986857202663086,0.33,Riesgo medio de gentrificación
16,SOL,2019,4474314.564,440226.8442,0.5074257425742574,1.0,0.09256281142073765,0.05954692556634304,0.1328742151103909,0.166846697133361,0.5596590909090909,0.6206576063130206,0.3059096050827107,0.38,Gentrificando
21,IMPERIAL,2016,4473089.616,439045.6199,0.0014851485148514852,0.29268292682926833,0.2217974743613403,0.18915857605177994,0.34583755316994125,0.12355629414208558,0.6789772727272728,0.31346953090749674,0.38542650271672907,0.28,Riesgo bajo de gentrificación
21,IMPERIAL,2018,4473089.616,439045.6199,0.0034653465346534654,0.3170731707317073,0.2190029263662967,0.16067961165048544,0.36483694551346973,0.12613211466555876,0.6704545454545455,0.3977226362706415,0.40503584522155756,0.3,Riesgo medio de gentrificación
21,IMPERIAL,2019,4473089.616,439045.6199,0.04554455445544554,0.31097560975609756,0.2188711080646437,0.1511326860841424,0.37609884545270406,0.13344412131283753,0.6704545454545455,0.4520075990062838,0.3425547449202051,0.3,Riesgo medio de gentrificación
22,ACACIAS,2016,4472513.434,439982.8536,0.0009900990099009901,0.3780487804878049,0.36384487622261474,0.291747572815534,0.581243670245088,0.19717490652264227,0.6818181818181819,0.2987005699254713,0.41274045340739124,0.36,Gentrificando
22,ACACIAS,2018,4472513.434,439982.8536,0.007920792079207921,0.475609756097561,0.0,0.0,0.0,0.0,0.0,0.4454642700569925,0.0,0.1,Riesgo bajo de gentrificación
22,ACACIAS,2019,4472513.434,439982.8536,0.06386138613861386,0.45121951219512196,0.0,0.0,0.0,0.0,0.0,0.5259073505772321,0.0,0.12,Riesgo bajo de gentrificación
23,CHOPERA,2016,4471808.825,440672.2536,0.0004950495049504951,0.1524390243902439,0.20534655031504573,0.20614886731391585,0.21693336034028762,0.21969256335687576,0.6732954545454546,0.30363641677626774,0.2923512557510118,0.25,Riesgo bajo de gentrificación
23,CHOPERA,2018,4471808.825,440672.2536,0.004455445544554456,0.18902439024390244,0.0,0.0,0.0,0.0,0.0,0.4032769253251498,0.0,0.07,Riesgo bajo de gentrificación
23,CHOPERA,2019,4471808.825,440672.2536,0.05396039603960396,0.20731707317073172,0.0,0.0,0.0,0.0,0.0,0.43336548297530325,0.0,0.08,Riesgo bajo de gentrificación
24,LEGAZPI,2016,4471151.447,441682.9396,0.0009900990099009901,0.14634146341463417,0.21233292030265483,0.12216828478964402,0.3217338464654648,0.1087660988782717,0.7244318181818182,0.3780037995031419,0.44114580738547127,0.27,Riesgo bajo de gentrificación
24,LEGAZPI,2018,4471151.447,441682.9396,0.0019801980198019802,0.20731707317073172,0.21457383143075584,0.10776699029126213,0.34454121936398624,0.1095139177399252,0.7301136363636364,0.49205085488820693,0.47246871484366404,0.3,Riesgo medio de gentrificación
24,LEGAZPI,2019,4471151.447,441682.9396,0.019801980198019802,0.25,0.21634019667290608,0.11003236245954692,0.35892242252379986,0.11557955961778146,0.7329545454545455,0.5345328072482829,0.48730809202545683,0.31,Riesgo medio de gentrificación
25,DELICIAS,2016,4472027.934,441453.464,0.0004950495049504951,0.20121951219512196,0.2924784477076797,0.22394822006472492,0.39684018634798457,0.24894058994599083,0.6818181818181819,0.3243255881923133,0.35733232998381437,0.3,Riesgo medio de gentrificación
25,DELICIAS,2018,4472027.934,441453.464,0.01089108910891089,0.2682926829268293,0.0,0.0,0.0,0.0,0.0,0.4265392371766769,0.0,0.08,Riesgo bajo de gentrificación
25,DELICIAS,2019,4472027.934,441453.464,0.0599009900990099,0.25609756097560976,0.0,0.0,0.0,0.0,0.0,0.4695671489112962,0.0,0.09,Riesgo bajo de gentrificación
26,PALOS DE MOGUER,2016,4472774.286,441057.6445,0.0024752475247524753,0.3536585365853659,0.2830666209696554,0.24546925566343042,0.3632975491188981,0.3040299127544661,0.6306818181818183,0.2942405377758293,0.3092376899480058,0.31,Riesgo medio de gentrificación
26,PALOS DE MOGUER,2018,4472774.286,441057.6445,0.009405940594059406,0.4329268292682927,0.282433893121721,0.20145631067961164,0.3961109985821349,0.3053593685085168,0.6250000000000001,0.44038111939207947,0.3276755890623317,0.34,Riesgo medio de gentrificación
26,PALOS DE MOGUER,2019,4472774.286,441057.6445,0.12277227722772277,0.4329268292682927,0.28327753025230024,0.19902912621359223,0.4124772128823172,0.31915247195679264,0.6221590909090909,0.44631535876077744,0.33454281749659276,0.35,Gentrificando
27,ATOCHA,2019,4472353.007,442131.2346,0.007425742574257425,0.03658536585365854,0.010993646357860326,0.0127831715210356,0.013327931942475188,0.00540091400083091,0.7869318181818182,0.0,0.3724423373332144,0.14,Riesgo bajo de gentrificación
31,PACÍFICO,2016,4472859.079,442407.5013,0.0004950495049504951,0.34756097560975613,0.3251430228572935,0.23915857605177993,0.5420700830463844,0.22152056501869546,0.6619318181818182,0.3348379365775245,0.3857540974932869,0.34,Riesgo medio de gentrificación
31,PACÍFICO,2018,4472859.079,442407.5013,0.004455445544554456,0.39634146341463417,0.31931665392423086,0.20339805825242718,0.5699007494429815,0.23248857498961362,0.6534090909090909,0.4597644308052024,0.4050173075861025,0.36,Gentrificando
31,PACÍFICO,2019,4472859.079,442407.5013,0.06336633663366337,0.41463414634146345,0.3186575624159658,0.20614886731391585,0.5838363378569982,0.24578313253012046,0.6505681818181819,0.49979716498611726,0.3566081070486656,0.37,Gentrificando
32,ADELFAS,2016,4472494.747,443062.2345,0.0,0.07317073170731708,0.18072289156626506,0.14207119741100324,0.2784687056917156,0.09655172413793103,0.6931818181818182,0.3385275463977787,0.41747585376431795,0.25,Riesgo bajo de gentrificación
32,ADELFAS,2018,4472494.747,443062.2345,0.0019801980198019802,0.10365853658536586,0.18198834726213386,0.12459546925566344,0.300425359530079,0.09837972579975073,0.6875,0.4437655998830922,0.44261433569417846,0.26,Riesgo bajo de gentrificación
32,ADELFAS,2019,4472494.747,443062.2345,0.030198019801980197,0.10975609756097561,0.18101289182990166,0.11618122977346279,0.3091351022888394,0.1082675529705027,0.6903409090909092,0.5529574747917579,0.44553082712226,0.28,Riesgo bajo de gentrificación
33,ESTRELLA,2018,4473931.01,443534.9304,0.0014851485148514852,0.0975609756097561,0.0,0.0,0.0,0.0,0.0,0.4350746748502119,0.0,0.06,Riesgo bajo de gentrificación
33,ESTRELLA,2019,4473931.01,443534.9304,0.00891089108910891,0.10365853658536586,0.0,0.0,0.0,0.0,0.0,0.476610843197428,0.0,0.07,Riesgo bajo de gentrificación
34,IBIZA,2016,4474469.277,442791.7959,0.0024752475247524753,0.34146341463414637,0.20413382193983812,0.1377022653721683,0.3700627911687259,0.1616950560864146,0.6619318181818182,0.44770188513809733,0.41537192869035083,0.3,Riesgo medio de gentrificación
34,IBIZA,2018,4474469.277,442791.7959,0.012376237623762377,0.49390243902439024,0.2029474572249611,0.11893203883495146,0.38962932955235974,0.17665143331948482,0.6590909090909091,0.597965804471723,0.4398936480405913,0.34,Riesgo medio de gentrificación
34,IBIZA,2019,4474469.277,442791.7959,0.05297029702970297,0.524390243902439,0.20429200390182173,0.12119741100323625,0.4024711363176018,0.2035729123390112,0.6647727272727273,0.6393967558088557,0.4521348597531328,0.36,Gentrificando
35,JERÓNIMOS,2016,4473905.687,441870.6698,0.0,0.13414634146341464,0.06472278611162374,0.032524271844660196,0.1361150496252785,0.05442459493144993,0.71875,0.4914382580739442,0.5978032129584251,0.25,Riesgo bajo de gentrificación
35,JERÓNIMOS,2018,4473905.687,441870.6698,0.0034653465346534654,0.22560975609756098,0.0,0.0,0.0,0.0,0.0,0.7019237176676896,0.0,0.1,Riesgo bajo de gentrificación
35,JERÓNIMOS,2019,4473905.687,441870.6698,0.03663366336633663,0.21341463414634146,0.0,0.0,0.0,0.0,0.0,0.785058015490282,0.0,0.12,Riesgo bajo de gentrificación
36,NIÑO JESÚS,2018,4473660.907,442862.905,0.0019801980198019802,0.0,0.1321873928976299,0.06666666666666667,0.30755519546283167,0.06447860407145824,0.7698863636363636,0.5754528715475669,0.6671633208165675,0.29,Riesgo medio de gentrificación
36,NIÑO JESÚS,2019,4473660.907,442862.905,0.012376237623762377,0.0,0.13231921119928292,0.058737864077669906,0.31249746809803525,0.07220606564187786,0.7727272727272728,0.6458944907204442,0.6570143516056489,0.3,Riesgo medio de gentrificación
41,RECOLETOS,2016,4475110.43,441820.8979,0.0009900990099009901,0.4024390243902439,0.15364741240673854,0.06957928802588997,0.32700020255215717,0.17656834233485666,0.6732954545454546,0.6890638608797311,0.7582562959409916,0.36,Gentrificando
41,RECOLETOS,2018,4475110.43,441820.8979,0.009405940594059406,0.34756097560975613,0.1568374153067412,0.06132686084142395,0.34227263520356493,0.2069796427087661,0.6704545454545455,0.8794002630425252,0.8178352907917772,0.39,Gentrificando
41,RECOLETOS,2019,4475110.43,441820.8979,0.09405940594059406,0.4024390243902439,0.15578286889351717,0.05226537216828479,0.34587806360137735,0.21969256335687576,0.6704545454545455,1.0,0.7698579592303328,0.41,Gentrificando
42,GOYA,2016,4475153.753,442789.9119,0.0014851485148514852,0.43902439024390244,0.2981729983390894,0.1789644012944984,0.5454729592870164,0.2761944329040299,0.6392045454545455,0.4646254566710507,0.4529532191183269,0.37,Gentrificando
42,GOYA,2018,4475153.753,442789.9119,0.011881188118811881,0.3353658536585366,0.3041311855738051,0.15550161812297736,0.5853757342515697,0.31632737847943493,0.6392045454545455,0.6510887037848897,0.47130721612218157,0.39,Gentrificando
42,GOYA,2019,4475153.753,442789.9119,0.10148514851485149,0.39634146341463417,0.30547573225066565,0.14336569579288025,0.5968401863479846,0.3426672206065642,0.6363636363636365,0.6874061084319742,0.4898867543574064,0.41,Gentrificando
43,FUENTE DEL BERRO,2016,4475116.489,443691.2602,0.0,0.15853658536585366,0.20539927763570695,0.16003236245954694,0.3357099453109176,0.18404653095139176,0.6477272727272727,0.3988706707584393,0.3726713543712324,0.27,Riesgo bajo de gentrificación
43,FUENTE DEL BERRO,2018,4475116.489,443691.2602,0.00891089108910891,0.0975609756097561,0.20880018981835438,0.12508090614886733,0.3564512862061981,0.1919401744910677,0.6420454545454546,0.5523308490428175,0.3910626197463665,0.29,Riesgo medio de gentrificación
43,FUENTE DEL BERRO,2019,4475116.489,443691.2602,0.0400990099009901,0.12195121951219512,0.21388837626216023,0.12734627831715212,0.3725744379177638,0.20689655172413793,0.6448863636363636,0.5608908373520386,0.40238052204298647,0.3,Riesgo medio de gentrificación
44,GUINDALERA,2016,4476402.061,443463.5845,0.0009900990099009901,0.28658536585365857,0.3977221797474361,0.27702265372168283,0.7210046586996152,0.31341919401744905,0.6704545454545455,0.35797515709484146,0.42830646727894933,0.38,Gentrificando
44,GUINDALERA,2018,4476402.061,443463.5845,0.009900990099009901,0.24390243902439024,0.40908491734992486,0.2383495145631068,0.7643103099048004,0.34449522226838386,0.6704545454545455,0.4767862048809002,0.4474219555892323,0.4,Gentrificando
44,GUINDALERA,2019,4476402.061,443463.5845,0.06930693069306931,0.29268292682926833,0.4148585589623263,0.23349514563106796,0.7874822766862467,0.36751142501038636,0.6704545454545455,0.534356276486921,0.4529743636087678,0.42,Gentrificando
45,LISTA,2016,4475927.641,442676.6687,0.0,0.4085365853658537,0.21607656006960005,0.12491909385113269,0.3908041320640065,0.22285002077274613,0.6505681818181819,0.4607499634663159,0.4430799972348028,0.32,Riesgo medio de gentrificación
45,LISTA,2018,4475927.641,442676.6687,0.011386138613861386,0.3048780487804878,0.2202683820621655,0.11310679611650486,0.41486732833704676,0.23348566680515162,0.6448863636363636,0.6435329533830191,0.4574105549434274,0.34,Riesgo medio de gentrificación
45,LISTA,2019,4475927.641,442676.6687,0.05742574257425743,0.3353658536585366,0.2206111096464633,0.10275080906148867,0.4254405509418675,0.23913585375986704,0.6448863636363636,0.693769399386234,0.47928660613356294,0.36,Gentrificando
46,CASTELLANA,2016,4476104.298,441959.5528,0.0039603960396039604,0.4329268292682927,0.176768342516675,0.06990291262135923,0.3379380190399028,0.2045700041545492,0.7017045454545455,0.6449872862779483,0.7294627136703862,0.37,Gentrificando
46,CASTELLANA,2018,4476104.298,441959.5528,0.00495049504950495,0.4024390243902439,0.17763834330758482,0.06294498381877023,0.35029370062791165,0.21844619858745323,0.7017045454545455,0.8076738272687418,0.7995434721068447,0.39,Gentrificando
46,CASTELLANA,2019,4476104.298,441959.5528,0.050990099009900994,0.4085365853658537,0.18027470934064485,0.062135922330097085,0.35576260887178446,0.23398421271292064,0.7045454545454546,0.8364693847727604,0.7002681584828799,0.39,Gentrificando
51,EL VISO,2018,4477360.964,441927.2958,0.0039603960396039604,0.34756097560975613,0.16988742717038832,0.05857605177993527,0.34729592870164067,0.15072704611549645,0.8039772727272728,0.65039427151834,1.0,0.39,Gentrificando
51,EL VISO,2019,4477360.964,441927.2958,0.018316831683168316,0.3597560975609756,0.17115288286625716,0.05372168284789644,0.3540206603200324,0.15845450768591607,0.8068181818181819,0.7419552827707145,0.851513443454612,0.39,Gentrificando
52,PROSPERIDAD,2016,4477279.652,443241.5164,0.0009900990099009901,0.2804878048780488,0.3635021486383169,0.2912621359223301,0.6172169333603402,0.27320315745741586,0.6590909090909091,0.3536519070583078,0.4018784610827447,0.36,Gentrificando
52,PROSPERIDAD,2018,4477279.652,443241.5164,0.005940594059405941,0.4085365853658537,0.36321214837468035,0.23333333333333334,0.656836135304841,0.29364353967594514,0.6562500000000001,0.4847862048809002,0.4219389826004981,0.39,Gentrificando
52,PROSPERIDAD,2019,4477279.652,443241.5164,0.03811881188118812,0.4268292682926829,0.36439851308955734,0.2250809061488673,0.6725541827020458,0.31474864977149974,0.6534090909090909,0.5165196551220226,0.43157362897772283,0.4,Gentrificando
53,CIUDAD JARDÍN,2016,4477733.182,442929.7851,0.0009900990099009901,0.12195121951219512,0.1832538029580027,0.1470873786407767,0.29835932752683814,0.16028250934773575,0.6704545454545455,0.3907724682156949,0.39742324936170675,0.26,Riesgo bajo de gentrificación
53,CIUDAD JARDÍN,2018,4477733.182,442929.7851,0.0024752475247524753,0.17682926829268295,0.1852838048034589,0.11828478964401294,0.3197488353250962,0.17349397590361446,0.6647727272727273,0.49499810024842905,0.42199169900132355,0.28,Riesgo bajo de gentrificación
53,CIUDAD JARDÍN,2019,4477733.182,442929.7851,0.021287128712871285,0.18902439024390244,0.18647016951833592,0.11423948220064725,0.3345351427992708,0.17823016202742,0.6619318181818182,0.5144106386087973,0.4290374487270245,0.29,Riesgo medio de gentrificación
54,HISPANOAMÉRICA,2016,4478520.651,442584.7337,0.0,0.2804878048780488,0.28586116896469904,0.15825242718446603,0.5976503949767065,0.17814707104279184,0.7301136363636364,0.45419611281601635,0.5683142762578848,0.36,Gentrificando
54,HISPANOAMÉRICA,2018,4478520.651,442584.7337,0.00495049504950495,0.6707317073170732,0.28425298568453244,0.1454692556634304,0.6232934980757545,0.17457415870378062,0.7244318181818182,0.5800052608505042,0.6047454608861685,0.42,Gentrificando
54,HISPANOAMÉRICA,2019,4478520.651,442584.7337,0.030693069306930693,0.7134146341463415,0.2870211700192455,0.1372168284789644,0.6405509418675309,0.1888658080598255,0.7272727272727274,0.6416215110331727,0.612971826269915,0.44,Gentrificando
55,NUEVA ESPAÑA,2018,4479342.236,442506.6745,0.0004950495049504951,0.0,0.2371674883340803,0.08964401294498382,0.5048409965566133,0.18363107602825093,0.7585227272727273,0.6710308344293439,0.774799687331882,0.36,Gentrificando
55,NUEVA ESPAÑA,2019,4479342.236,442506.6745,0.01881188118811881,0.0,0.2369302153911049,0.09207119741100324,0.5155762608871785,0.18712089738263396,0.7585227272727273,0.7461651322519363,0.7088987794898057,0.36,Gentrificando
56,CASTILLA,2018,4480625.699,442382.2751,0.0009900990099009901,0.21341463414634146,0.1674883340803037,0.08624595469255664,0.33101073526433056,0.11782301620274199,0.7272727272727274,0.48475580885576497,0.5297705735891991,0.3,Riesgo medio de gentrificación
56,CASTILLA,2019,4480625.699,442382.2751,0.026237623762376237,0.22560975609756098,0.1666974242703857,0.09174757281553399,0.3366821956653838,0.1190693809721645,0.7215909090909092,0.4735408446587754,0.5460312660393994,0.3,Riesgo medio de gentrificación
61,BELLAS VISTAS,2018,4478217.699,439996.5425,0.006435643564356436,0.11585365853658537,0.32970393609448734,0.2297734627831715,0.3275673485922625,0.5239717490652264,0.6931818181818182,0.36027473330410636,0.30051467041435864,0.32,Riesgo medio de gentrificación
61,BELLAS VISTAS,2019,4478217.699,439996.5425,0.04900990099009901,0.11585365853658537,0.33716485196804724,0.23349514563106796,0.3459995948956856,0.5525550477773161,0.6988636363636365,0.4006429928393979,0.2786498190456439,0.33,Riesgo medio de gentrificación
62,CUATRO CAMINOS,2016,4478108.124,440893.969,0.0034653465346534654,0.054878048780487805,0.3570957791779811,0.25906148867313916,0.5575450678549726,0.3823016202742002,0.6505681818181819,0.34109951775537045,0.3907057702638562,0.33,Riesgo medio de gentrificación
62,CUATRO CAMINOS,2018,4478108.124,440893.969,0.006435643564356436,0.43902439024390244,0.3680366982151802,0.21990291262135922,0.5940854770103301,0.401994183631076,0.6534090909090909,0.47698845535583806,0.41812042279712064,0.4,Gentrificando
62,CUATRO CAMINOS,2019,4478108.124,440893.969,0.05841584158415842,0.4573170731707317,0.3767894334449395,0.2029126213592233,0.6175005063803929,0.4285832987120897,0.6534090909090909,0.5203624141458425,0.42883421058831117,0.42,Gentrificando
63,CASTILLEJOS,2016,4479092.74,441146.7116,0.0,0.042682926829268296,0.20619018744562495,0.14595469255663432,0.3366821956653838,0.22949729954299958,0.6278409090909092,0.3870454479029665,0.4160166908235229,0.27,Riesgo bajo de gentrificación
63,CASTILLEJOS,2018,4479092.74,441146.7116,0.0034653465346534654,0.3780487804878049,0.21736837942579948,0.12799352750809062,0.36706501924245494,0.24860822600747817,0.6250000000000001,0.4727295046032442,0.4347203925962229,0.32,Riesgo medio de gentrificación
63,CASTILLEJOS,2019,4479092.74,441146.7116,0.03861386138613861,0.36585365853658536,0.2192401993092721,0.11828478964401294,0.37828640875025316,0.25700041545492314,0.6221590909090909,0.508188806079205,0.4498844680490336,0.33,Riesgo medio de gentrificación
64,ALMENARA,2016,4480229.372,441142.6001,0.0,0.024390243902439025,0.2275974796340724,0.2964401294498382,0.19347782053878873,0.2240132945575405,0.6903409090909092,0.2427742218325296,0.26337644878379596,0.24,Riesgo bajo de gentrificación
64,ALMENARA,2018,4480229.372,441142.6001,0.0029702970297029703,0.10975609756097561,0.24041021855474415,0.2574433656957929,0.21745999594895685,0.248026589115081,0.684659090909091,0.35269326318865996,0.27754991934197576,0.27,Riesgo bajo de gentrificación
64,ALMENARA,2019,4480229.372,441142.6001,0.024752475247524754,0.11585365853658537,0.2453929503572276,0.26407766990291265,0.23066639659712376,0.2709597008724553,0.6903409090909092,0.38286131813532076,0.28651479708820093,0.28,Riesgo bajo de gentrificación
65,VALDEACEDERAS,2016,4479832.029,440304.6074,0.0,0.01829268292682927,0.29577390524900476,0.2825242718446602,0.2194450070893255,0.3909430826755297,0.6903409090909092,0.2330638608797311,0.25921310827099087,0.27,Riesgo bajo de gentrificación
65,VALDEACEDERAS,2018,4479832.029,440304.6074,0.0024752475247524753,0.0975609756097561,0.30373573066884607,0.23122977346278317,0.23747214907838768,0.4508516825924387,0.6931818181818182,0.30234224755224315,0.2726775142730138,0.29,Riesgo medio de gentrificación
65,VALDEACEDERAS,2019,4479832.029,440304.6074,0.03316831683168317,0.0975609756097561,0.30993119084653714,0.24158576051779937,0.25258254000405106,0.4903199002908184,0.6960227272727274,0.352989039894783,0.2770377206123445,0.31,Riesgo medio de gentrificación
66,BERRUGUETE,2016,4479011.421,440230.3974,0.0009900990099009901,0.01829268292682927,0.281115710105191,0.2580906148867314,0.230342313145635,0.42766929788117986,0.6903409090909092,0.24417243898874763,0.26281993351940486,0.27,Riesgo bajo de gentrificación
66,BERRUGUETE,2018,4479011.421,440230.3974,0.004455445544554456,0.12804878048780488,0.28459571326883026,0.2022653721682848,0.24800486125177232,0.46614042376402154,0.6903409090909092,0.3296542452140874,0.279469626663608,0.29,Riesgo medio de gentrificación
66,BERRUGUETE,2019,4479011.421,440230.3974,0.03910891089108911,0.13414634146341464,0.29239935672668793,0.22119741100323626,0.2604415637026534,0.49979227253842956,0.6931818181818182,0.3442688879146573,0.2830924792426758,0.31,Riesgo medio de gentrificación
71,GAZTAMBIDE,2016,4476283.322,439389.8945,0.0019801980198019802,0.28658536585365857,0.23476839524399568,0.16067961165048544,0.42430625886165685,0.20523473203157455,0.6278409090909092,0.40746105509279557,0.39703617967139726,0.31,Riesgo medio de gentrificación
71,GAZTAMBIDE,2018,4476283.322,439389.8945,0.007920792079207921,0.34756097560975613,0.23442566765969788,0.13511326860841424,0.44281952602795216,0.1984212712920648,0.6221590909090909,0.5625439134882361,0.41137755100070406,0.33,Riesgo medio de gentrificación
71,GAZTAMBIDE,2019,4476283.322,439389.8945,0.05495049504950495,0.3597560975609756,0.24001476364978513,0.13268608414239483,0.4574032813449463,0.21462401329455752,0.6193181818181819,0.6431413122899313,0.442402311488661,0.35,Gentrificando
72,ARAPILES,2016,4476214.595,439947.5584,0.0009900990099009901,0.39634146341463417,0.25145659223326566,0.15760517799352752,0.42430625886165685,0.20673036975488157,0.6250000000000001,0.4126494227677919,0.40155337661098817,0.32,Riesgo medio de gentrificación
72,ARAPILES,2018,4476214.595,439947.5584,0.00693069306930693,0.45121951219512196,0.25912841738947034,0.14093851132686083,0.45400040510431433,0.21570419609472372,0.6221590909090909,0.5979389156802571,0.40753977771057887,0.35,Gentrificando
72,ARAPILES,2019,4476214.595,439947.5584,0.05594059405940594,0.45121951219512196,0.2640056945506314,0.136084142394822,0.46623455539801495,0.2281678437889489,0.6193181818181819,0.6613684056700277,0.414541790202628,0.37,Gentrificando
73,TRAFALGAR,2016,4476037.29,440530.8517,0.0039603960396039604,0.5365853658536586,0.27064933695394267,0.17750809061488673,0.4559043953818108,0.2426256751142501,0.6051136363636364,0.4574134151687856,0.3670637196460702,0.35,Gentrificando
73,TRAFALGAR,2018,4476037.29,440530.8517,0.015841584158415842,0.6341463414634146,0.2728902480820437,0.14627831715210357,0.48268179056106947,0.25351059410054005,0.5994318181818182,0.608976180037995,0.3970744135445234,0.38,Gentrificando
73,TRAFALGAR,2019,4476037.29,440530.8517,0.1094059405940594,0.6585365853658537,0.27729297935725394,0.14401294498381878,0.4954425764634393,0.2728707935189032,0.5994318181818182,0.645423352330849,0.4130119525266604,0.4,Gentrificando
74,ALMAGRO,2018,4476032.059,441174.9953,0.005940594059405941,0.3902439024390244,0.19833381666710606,0.0831715210355987,0.39858213489973665,0.21071873701703364,0.6988636363636365,0.7312196405085489,0.6641369552783407,0.38,Gentrificando
74,ALMAGRO,2019,4476032.059,441174.9953,0.06336633663366337,0.4024390243902439,0.19843927130842845,0.07864077669902912,0.4053473769495645,0.22251765683423347,0.6960227272727274,0.7443881338594184,0.6754901949425469,0.39,Gentrificando
75,RÍOS ROSAS,2016,4477096.745,440826.6665,0.0,0.39634146341463417,0.2803511639556036,0.16181229773462782,0.5020862872189589,0.2306605733277939,0.6448863636363636,0.46288937600467633,0.4350930763090178,0.35,Gentrificando
75,RÍOS ROSAS,2018,4477096.745,440826.6665,0.00693069306930693,0.46951219512195125,0.2834093485539532,0.13980582524271845,0.5299574640469921,0.23888658080598252,0.6392045454545455,0.5974116615519508,0.46300911395123134,0.37,Gentrificando
75,RÍOS ROSAS,2019,4477096.745,440826.6665,0.05495049504950495,0.524390243902439,0.2881811710737919,0.1412621359223301,0.5514685031395584,0.25226422933111753,0.6420454545454546,0.637045740172439,0.4809424418005142,0.4,Gentrificando
76,VALLEHERMOSO,2016,4477158.887,439682.3814,0.0,0.38414634146341464,0.18125016477287706,0.10032362459546926,0.3984606036054284,0.107436643124221,0.6903409090909092,0.41002484290515856,0.5484252278680908,0.31,Riesgo medio de gentrificación
76,VALLEHERMOSO,2018,4477158.887,439682.3814,0.0004950495049504951,0.41463414634146345,0.18517835016213652,0.0843042071197411,0.4164877455944906,0.11358537598670543,0.684659090909091,0.5335916995469823,0.5740736878733355,0.33,Riesgo medio de gentrificación
76,VALLEHERMOSO,2019,4477158.887,439682.3814,0.01485148514851485,0.43902439024390244,0.18781471619519655,0.08381877022653722,0.4290864897711161,0.12422102201911092,0.684659090909091,0.5575238930293731,0.5643306156387354,0.34,Riesgo medio de gentrificación
81,EL PARDO,2019,4489409.578,435018.7103,0.0004950495049504951,0.04878048780487805,0.032849120771927975,0.022653721682847898,0.029370062791168727,0.011715828832571665,0.7471590909090909,0.0,0.3925459202333271,0.14,Riesgo bajo de gentrificación
82,FUENTELAREINA,2018,4481421.762,437127.6497,0.0004950495049504951,0.0,0.02741820674382431,0.00970873786407767,0.06234555398014989,0.020606564187785625,0.8295454545454546,0.41860119830483705,0.9476959650133027,0.26,Riesgo bajo de gentrificación
83,PEÑAGRANDE,2018,4481152.656,438480.3153,0.0014851485148514852,0.0,0.40826764387967623,0.2953074433656958,0.5749645533724934,0.2715413377648525,0.7471590909090909,0.3646833260265965,0.439381159660406,0.34,Riesgo medio de gentrificación
83,PEÑAGRANDE,2019,4481152.656,438480.3153,0.01782178217821782,0.0,0.4034167303788458,0.2757281553398058,0.5911687259469314,0.2843373493975903,0.7443181818181819,0.40966125968142625,0.44880484388414443,0.35,Gentrificando
84,PILAR,2016,4480959.021,439853.0231,0.0,0.3902439024390244,0.43476312251192956,0.39045307443365695,0.46497873202349604,0.3604486913169921,0.6789772727272728,0.2779015051877831,0.31776876771454515,0.37,Gentrificando
84,PILAR,2018,4480959.021,439853.0231,0.0019801980198019802,0.475609756097561,0.0,0.0,0.0,0.0,0.0,0.3662744410346339,0.0,0.09,Riesgo bajo de gentrificación
84,PILAR,2019,4480959.021,439853.0231,0.017326732673267328,0.45121951219512196,0.0,0.0,0.0,0.0,0.0,0.4063445857080228,0.0,0.1,Riesgo bajo de gentrificación
85,LA PAZ,2018,4481394.724,440957.8603,0.0,0.0975609756097561,0.29735572486884077,0.16375404530744336,0.6043751265950982,0.13477357706688822,0.7642045454545455,0.39983399093964633,0.5644070833849877,0.34,Riesgo medio de gentrificación
85,LA PAZ,2019,4481394.724,440957.8603,0.006435643564356436,0.0975609756097561,0.2911075373704885,0.15210355987055016,0.6105327121733847,0.14648940589945988,0.7642045454545455,0.4295589653660675,0.5719950589477498,0.34,Riesgo medio de gentrificación
86,VALVERDE,2016,4483501.173,442483.6118,0.0,0.4024390243902439,0.654636049669136,0.4891585760517799,0.7661737897508608,0.4562525965932696,0.7698863636363636,0.31189127575624725,0.3795856992956085,0.47,Gentrificando
86,VALVERDE,2018,4483501.173,442483.6118,0.0024752475247524753,0.5,0.6661569692336083,0.4202265372168285,0.8306258861656877,0.5551308683007893,0.7812500000000001,0.3558205465439135,0.4106979342508691,0.5,Gentrificando
86,VALVERDE,2019,4483501.173,442483.6118,0.021287128712871285,0.5060975609756098,0.6645751496137724,0.42572815533980585,0.8582540004051042,0.6142085583714166,0.7869318181818182,0.3775899459301476,0.42383474547633426,0.52,Gentrificando
87,MIRASIERRA,2018,4483094.181,439024.2924,0.0019801980198019802,0.12195121951219512,0.31209301099364634,0.1372168284789644,0.5615961109985821,0.12854175321977565,0.8806818181818182,0.4989589361391203,0.7562592519214453,0.38,Gentrificando
87,MIRASIERRA,2019,4483094.181,439024.2924,0.00891089108910891,0.14634146341463417,0.317392106720097,0.13754045307443366,0.5832691918168929,0.1346073950976319,0.8835227272727273,0.504358906912173,0.6696058473881438,0.38,Gentrificando
88,EL GOLOSO,2018,4487307.227,440716.0024,0.0014851485148514852,0.17682926829268295,0.19095199177453798,0.0634304207119741,0.29888596313550736,0.07486497714997922,0.9289772727272728,0.5854590092064884,0.5545971984226017,0.32,Riesgo medio de gentrificación
88,EL GOLOSO,2019,4487307.227,440716.0024,0.0019801980198019802,0.21341463414634146,0.18855289868445335,0.06504854368932039,0.3104314360947944,0.08259243872039883,0.9318181818181819,0.5668788543036679,0.5798378304478345,0.33,Riesgo medio de gentrificación
91,CASA DE CAMPO,2016,4475050.323,436118.4975,0.0,0.08536585365853659,0.11560465054968232,0.10275080906148867,0.20004051043143609,0.08134607395097632,0.6647727272727273,0.32321964050854884,0.3814754760599955,0.22,Riesgo bajo de gentrificación
91,CASA DE CAMPO,2018,4475050.323,436118.4975,0.005940594059405941,0.17073170731707318,0.11834647122406475,0.09692556634304207,0.208547701033016,0.08608226007478188,0.6562500000000001,0.36665906766038286,0.4000661175664565,0.23,Riesgo bajo de gentrificación
91,CASA DE CAMPO,2019,4475050.323,436118.4975,0.028712871287128714,0.17073170731707318,0.11977010888191716,0.0883495145631068,0.21600162041725743,0.0924802658911508,0.6590909090909091,0.399773198889376,0.5333218824814324,0.26,Riesgo bajo de gentrificación
92,ARGÜELLES,2016,4475533.294,439109.0847,0.0019801980198019802,0.1951219512195122,0.2445229495663178,0.15048543689320387,0.45776787522787116,0.23963439966763606,0.6619318181818182,0.41487768522577817,0.47652469155112503,0.32,Riesgo medio de gentrificación
92,ARGÜELLES,2018,4475533.294,439109.0847,0.007920792079207921,0.41463414634146345,0.24138567398697636,0.13802588996763754,0.476929309297144,0.23556294142085582,0.6562500000000001,0.5195487359345317,0.5161634664142459,0.36,Gentrificando
92,ARGÜELLES,2019,4475533.294,439109.0847,0.08415841584158416,0.4634146341463415,0.24286203896548997,0.1268608414239482,0.4877455944905813,0.24869131699210634,0.6590909090909091,0.5559818792927078,0.5020894425462679,0.37,Gentrificando
93,CIUDAD UNIVERSITARIA,2016,4478627.02,437391.5065,0.0004950495049504951,0.024390243902439025,0.15470195881996257,0.08090614886731391,0.31022888393761394,0.12937266306605733,0.7556818181818183,0.3342873008914219,0.6012739024464658,0.27,Riesgo bajo de gentrificación
93,CIUDAD UNIVERSITARIA,2018,4478627.02,437391.5065,0.004455445544554456,0.0975609756097561,0.15464923149930135,0.07394822006472491,0.32481263925460807,0.12471956792687992,0.7500000000000001,0.4831506649130498,0.6506564253954793,0.3,Riesgo medio de gentrificación
93,CIUDAD UNIVERSITARIA,2019,4478627.02,437391.5065,0.015346534653465346,0.10365853658536586,0.157180142891039,0.06682847896440129,0.3302410370670448,0.13086830078936434,0.7528409090909092,0.5100476399240099,0.5932428580862904,0.3,Riesgo medio de gentrificación
94,VALDEZARZA,2016,4479644.899,439188.6628,0.0,0.03658536585365854,0.28333025757296143,0.2598705501618123,0.31237593680372694,0.24935604486913168,0.6988636363636365,0.2281806225339763,0.328536720159331,0.27,Riesgo bajo de gentrificación
94,VALDEZARZA,2018,4479644.899,439188.6628,0.0009900990099009901,0.08536585365853659,0.280852073501885,0.20938511326860842,0.3299979744784282,0.2544245949314499,0.6903409090909092,0.32659593745433285,0.33789600540989995,0.28,Riesgo bajo de gentrificación
94,VALDEZARZA,2019,4479644.899,439188.6628,0.014356435643564355,0.08536585365853659,0.28623026020932746,0.2168284789644013,0.3420700830463844,0.2766098878271707,0.6903409090909092,0.35482799941546106,0.3432362926737334,0.29,Riesgo medio de gentrificación
95,VALDEMARÍN,2019,4480009.063,433968.0416,0.0,0.012195121951219513,0.061770056154596506,0.022168284789644013,0.12420498278306663,0.05209804736186124,1.0,0.5598363290954259,0.849978874819596,0.3,Riesgo medio de gentrificación
96,EL PLANTÍO,2019,4480219.592,430409.7127,0.0019801980198019802,0.0,0.02457093142811948,0.009546925566343041,0.052461008709742754,0.021686746987951807,0.9318181818181819,0.36783399093964636,0.8594414687677532,0.25,Riesgo bajo de gentrificación
97,ARAVACA,2018,4478516.428,433939.3352,0.0009900990099009901,0.11585365853658537,0.2523002293638449,0.10436893203883495,0.4463439335628924,0.20232654756958868,0.8892045454545455,0.4248955136635978,0.7440230608185061,0.35,Gentrificando
97,ARAVACA,2019,4478516.428,433939.3352,0.011881188118811881,0.10975609756097561,0.25794205267459336,0.11051779935275081,0.46319627304030786,0.21911092646447858,0.8948863636363636,0.45547742218325293,0.6576966717606544,0.35,Gentrificando
101,LOS CÁRMENES,2019,4472579.69,437550.3787,0.01782178217821782,0.06707317073170732,0.17220742927948116,0.20825242718446602,0.12639254608061576,0.2056501869547154,0.7500000000000001,0.2838474353353792,0.24649291109234175,0.23,Riesgo bajo de gentrificación
102,PUERTA DEL ÁNGEL,2016,4473487.258,437907.9825,0.0004950495049504951,0.10975609756097561,0.4294903904458095,0.4998381877022654,0.3285395989467288,0.5731616119651017,0.6761363636363636,0.19510974718690632,0.2561661775434312,0.34,Riesgo medio de gentrificación
102,PUERTA DEL ÁNGEL,2018,4473487.258,437907.9825,0.01089108910891089,0.24390243902439024,0.435132213756558,0.42394822006472493,0.35681588008912296,0.6229331117573743,0.6761363636363636,0.27335262311851527,0.2695066131083483,0.37,Gentrificando
102,PUERTA DEL ÁNGEL,2019,4473487.258,437907.9825,0.09405940594059406,0.27439024390243905,0.44082676438796764,0.4190938511326861,0.3754506785497265,0.6679684254258412,0.6789772727272728,0.3015987140143212,0.2744073073814161,0.39,Gentrificando
103,LUCERO,2018,4472679.645,436327.8871,0.0014851485148514852,0.17073170731707318,0.34320213018375473,0.34951456310679613,0.27109580717034637,0.45841296219360195,0.7215909090909092,0.2416332018120707,0.2903815354337247,0.32,Riesgo medio de gentrificación
103,LUCERO,2019,4472679.645,436327.8871,0.026732673267326732,0.18902439024390244,0.3525348659407872,0.32815533980582523,0.28681385456755115,0.5092646447860407,0.7244318181818182,0.26175887768522577,0.2932364278439919,0.33,Riesgo medio de gentrificación
104,ALUCHE,2016,4471531.816,435779.5365,0.0004950495049504951,0.17073170731707318,0.6015923650839683,0.6381877022653721,0.4859631355073931,0.7505608641462401,0.7102272727272728,0.18406897559549906,0.2938128324464233,0.43,Gentrificando
104,ALUCHE,2018,4471531.816,435779.5365,0.005940594059405941,0.5426829268292683,0.5912050829137118,0.5111650485436894,0.49969617176422926,0.8223514748649771,0.7073863636363638,0.23461756539529444,0.30043047865333344,0.47,Gentrificando
104,ALUCHE,2019,4471531.816,435779.5365,0.02574257425742574,0.5548780487804879,0.5956341778492525,0.5111650485436894,0.5167105529673891,0.8838388034898212,0.7073863636363638,0.254733888645331,0.301671920927716,0.48,Gentrificando
105,CAMPAMENTO,2018,4470817.836,431786.0869,0.0009900990099009901,0.03658536585365854,0.18393925812659828,0.1394822006472492,0.15750455742353656,0.26879933527212296,0.7357954545454546,0.23035160017536166,0.3081226318653457,0.23,Riesgo bajo de gentrificación
105,CAMPAMENTO,2019,4470817.836,431786.0869,0.008415841584158416,0.03658536585365854,0.18712926102660093,0.14045307443365695,0.1635406117075147,0.298545907769007,0.7414772727272727,0.23798684787373958,0.30864129945734936,0.24,Riesgo bajo de gentrificación
106,CUATRO VIENTOS,2019,4468973.502,433434.5775,0.0024752475247524753,0.012195121951219513,0.06619915109013735,0.051294498381877024,0.06603200324083451,0.02949729954299958,0.7443181818181819,0.37318252228554727,0.34267157064364606,0.19,Riesgo bajo de gentrificación
107,LAS ÁGUILAS,2018,4470420.122,434547.9376,0.0029702970297029703,0.38414634146341464,0.44222403838548946,0.40873786407766993,0.3376949564512862,0.4436227669297881,0.7017045454545455,0.22729095425982757,0.2887859470820024,0.36,Gentrificando
107,LAS ÁGUILAS,2019,4470420.122,434547.9376,0.011881188118811881,0.3902439024390244,0.4445967678152435,0.3966019417475728,0.35223820133684425,0.4936435396759451,0.7045454545454546,0.2543714744994885,0.29257139017204087,0.37,Gentrificando
111,COMILLAS,2016,4471676.723,439576.9792,0.0,0.054878048780487805,0.22098020089109172,0.25841423948220066,0.1689690095199514,0.29380972164520147,0.6761363636363636,0.19398509425690486,0.2541329272046366,0.24,Riesgo bajo de gentrificación
111,COMILLAS,2018,4471676.723,439576.9792,0.004455445544554456,0.17682926829268295,0.2207692916084469,0.21537216828478964,0.18480858821146445,0.30968009970918153,0.6676136363636365,0.27130439865556044,0.2662779749332549,0.26,Riesgo bajo de gentrificación
111,COMILLAS,2019,4471676.723,439576.9792,0.03712871287128713,0.20121951219512196,0.22504020458200416,0.21650485436893205,0.1969212072108568,0.3376817615288741,0.6676136363636365,0.292170100832968,0.3112851331639457,0.28,Riesgo bajo de gentrificación
112,OPAÑEL,2016,4471320.131,438741.1131,0.0,0.06707317073170732,0.3236666578787799,0.3692556634304207,0.21806765242049828,0.46497714997922723,0.7017045454545455,0.1788806079205027,0.2616498418314875,0.29,Riesgo medio de gentrificación
112,OPAÑEL,2018,4471320.131,438741.1131,0.00495049504950495,0.0,0.33653212412011285,0.2991909385113269,0.23901154547295927,0.5272953884503531,0.7102272727272728,0.23191699546982317,0.27064445703458856,0.29,Riesgo medio de gentrificación
112,OPAÑEL,2019,4471320.131,438741.1131,0.027722772277227723,0.0,0.34409849463499514,0.3,0.2541219363986226,0.5759036144578312,0.7159090909090909,0.25995615957913193,0.2732831735813978,0.31,Riesgo medio de gentrificación
113,SAN ISIDRO,2016,4472031.606,438190.5428,0.0004950495049504951,0.01829268292682927,0.3933458121325565,0.5503236245954692,0.22552157180473972,0.5362692147901952,0.7272727272727274,0.18924214525792782,0.24158053424692982,0.32,Riesgo medio de gentrificación
113,SAN ISIDRO,2018,4472031.606,438190.5428,0.004455445544554456,0.1402439024390244,0.40114945559041415,0.47621359223300974,0.2481669029775167,0.5994183631076028,0.7301136363636364,0.23785357299430074,0.25376014694165705,0.34,Riesgo medio de gentrificación
113,SAN ISIDRO,2019,4472031.606,438190.5428,0.04900990099009901,0.1402439024390244,0.4094012812738921,0.48381877022653724,0.26185942880291674,0.6421271292064811,0.7329545454545455,0.2528703784889668,0.2557337292663306,0.36,Gentrificando
114,VISTA ALEGRE,2016,4470681.208,436700.7182,0.0004950495049504951,0.10975609756097561,0.4395876723524294,0.5386731391585761,0.2566335831476605,0.6706273369339426,0.7414772727272727,0.17028554727458717,0.25948595909284533,0.35,Gentrificando
114,VISTA ALEGRE,2018,4470681.208,436700.7182,0.0039603960396039604,0.3902439024390244,0.4476285887532625,0.4307443365695793,0.27348592262507593,0.7615288741171582,0.7471590909090909,0.21710945491743386,0.2682956806923189,0.39,Gentrificando
114,VISTA ALEGRE,2019,4470681.208,436700.7182,0.03217821782178218,0.4024390243902439,0.4645804223458385,0.4354368932038835,0.2862061980960097,0.8463647694225176,0.7556818181818183,0.24783282186175654,0.27157751801916097,0.42,Gentrificando
115,PUERTA BONITA,2016,4470159.472,437262.2706,0.0,0.024390243902439025,0.3409612190556537,0.437378640776699,0.15576260887178447,0.4843373493975903,0.7698863636363636,0.17136577524477567,0.23786760034557244,0.29,Riesgo medio de gentrificación
115,PUERTA BONITA,2018,4470159.472,437262.2706,0.0,0.0975609756097561,0.3510848646226042,0.38333333333333336,0.17310107352643306,0.5739925218113834,0.7812500000000001,0.20072950460324418,0.24837718449620308,0.31,Riesgo medio de gentrificación
115,PUERTA BONITA,2019,4470159.472,437262.2706,0.018316831683168316,0.10365853658536586,0.36632306029369116,0.38171521035598704,0.18391735871987036,0.6503531366846697,0.7926136363636365,0.22858863071752156,0.25114257488528874,0.33,Riesgo medio de gentrificación
116,BUENAVISTA,2018,4468769.588,436656.9012,0.0,0.31097560975609756,0.48625135113759194,0.39967637540453077,0.3471338869758963,0.46298296634815117,0.7755681818181819,0.2429951775537045,0.30201438443271167,0.37,Gentrificando
116,BUENAVISTA,2019,4468769.588,436656.9012,0.019801980198019802,0.3170731707317073,0.4834568031425483,0.3896440129449838,0.35940854770103303,0.5124221022019111,0.778409090909091,0.27510156364167765,0.306455499826789,0.38,Gentrificando
117,ABRANTES,2018,4470074.329,438358.4198,0.0004950495049504951,0.13414634146341464,0.29545754132503754,0.305663430420712,0.17318209438930524,0.4372247611134192,0.7755681818181819,0.2052666958936139,0.2703174415591387,0.29,Riesgo medio de gentrificación
117,ABRANTES,2019,4470074.329,438358.4198,0.009900990099009901,0.1402439024390244,0.3068466425878569,0.32119741100323623,0.18306663965971237,0.501038637307852,0.7926136363636365,0.2215893613912027,0.27529605183122874,0.31,Riesgo medio de gentrificación
121,ORCASITAS,2019,4468916.31,439516.2653,0.0014851485148514852,0.1524390243902439,0.20887928079934617,0.24142394822006472,0.1019242454932145,0.1572912339011217,0.7698863636363636,0.21382317696916556,0.2419969551933765,0.23,Riesgo bajo de gentrificación
122,ORCASUR,2018,4469305.319,440733.1193,0.0004950495049504951,0.09146341463414634,0.14521104110094646,0.19611650485436893,0.06121126189993923,0.15097631906938097,0.8210227272727274,0.2570381411661552,0.2413355864284426,0.22,Riesgo bajo de gentrificación
122,ORCASUR,2019,4469305.319,440733.1193,0.009900990099009901,0.09146341463414634,0.1482692256992961,0.19223300970873786,0.06408750253190196,0.17066888242625675,0.8295454545454546,0.20153499926932633,0.2510132941880265,0.22,Riesgo bajo de gentrificación
123,SAN FERMÍN,2018,4469120.886,441499.985,0.0009900990099009901,0.09146341463414634,0.2442593129630118,0.27249190938511325,0.11241644723516306,0.3373493975903614,0.8039772727272728,0.1933222270933801,0.24562608353444737,0.26,Riesgo bajo de gentrificación
123,SAN FERMÍN,2019,4469120.886,441499.985,0.014356435643564355,0.09146341463414634,0.2475020431836756,0.26165048543689323,0.11893862669637431,0.3755712505193186,0.8125,0.21665935992985533,0.24993743548033912,0.27,Riesgo bajo de gentrificación
124,ALMENDRALES,2016,4470576.407,440645.9665,0.0,0.06097560975609756,0.22464474967704515,0.25275080906148867,0.09779218148673283,0.4088907353552139,0.778409090909091,0.17066432851088703,0.23452850875922587,0.25,Riesgo bajo de gentrificación
124,ALMENDRALES,2018,4470576.407,440645.9665,0.0014851485148514852,0.07317073170731708,0.23128839208035643,0.2215210355987055,0.10868948754304233,0.45666805151641043,0.7812500000000001,0.26859564518486045,0.2462633147532158,0.27,Riesgo bajo de gentrificación
124,ALMENDRALES,2019,4470576.407,440645.9665,0.023267326732673267,0.07317073170731708,0.23679839708945188,0.22896440129449838,0.11760178245898319,0.487660988782717,0.7954545454545455,0.2509624433727897,0.2565073858960263,0.27,Riesgo bajo de gentrificación
125,MOSCARDÓ,2018,4471173.407,440009.8419,0.0024752475247524753,0.18292682926829268,0.2749729772481611,0.24854368932038834,0.15268381608264128,0.5503115911923556,0.7556818181818183,0.22895922840859273,0.25448852153474627,0.29,Riesgo medio de gentrificación
125,MOSCARDÓ,2019,4471173.407,440009.8419,0.027227722772277228,0.18292682926829268,0.28559753236139307,0.2529126213592233,0.16394571602187563,0.5960116327378479,0.7670454545454547,0.2475791319596668,0.24864935946676495,0.31,Riesgo medio de gentrificación
126,ZOFÍO,2018,4470110.376,439279.8576,0.0004950495049504951,0.04878048780487805,0.14376103978276344,0.13867313915857604,0.05797042738505165,0.2534275031159119,0.7840909090909091,0.1956194651468654,0.24618732975788693,0.21,Riesgo bajo de gentrificación
126,ZOFÍO,2019,4470110.376,439279.8576,0.011386138613861386,0.04878048780487805,0.1486119532835939,0.1477346278317152,0.061454324488555805,0.27611134191940173,0.7954545454545455,0.22433435627648693,0.226687185511911,0.22,Riesgo bajo de gentrificación
127,PRADOLONGO,2019,4469968.652,439974.4688,0.019801980198019802,0.04878048780487805,0.19662017874561705,0.1813915857605178,0.061130241037067046,0.49065226422933106,0.8323863636363638,0.21973754201373666,0.30226010465267616,0.26,Riesgo bajo de gentrificación
131,ENTREVÍAS,2019,4469574.278,442858.5724,0.011881188118811881,0.3048780487804878,0.34815849832590756,0.48446601941747575,0.09195867935993518,0.44628167843788946,0.778409090909091,0.19105772322080958,0.20876930569217408,0.32,Riesgo medio de gentrificación
132,SAN DIEGO,2016,4471262.193,443316.4678,0.0009900990099009901,0.1524390243902439,0.45029131844665315,0.6262135922330098,0.15993518330970224,0.793601994183631,0.7272727272727274,0.15570948414438113,0.19414320786829936,0.36,Gentrificando
132,SAN DIEGO,2018,4471262.193,443316.4678,0.0039603960396039604,0.20121951219512196,0.4627086024623659,0.5142394822006473,0.1775572209844035,0.8807644370585791,0.7329545454545455,0.19399795411369283,0.20492573939096917,0.37,Gentrificando
132,SAN DIEGO,2019,4471262.193,443316.4678,0.060396039603960394,0.1951219512195122,0.48767498879544435,0.5312297734627832,0.19639457160218757,0.9999999999999999,0.7471590909090909,0.2292000584538945,0.20601820473041838,0.41,Gentrificando
133,PALOMERAS BAJAS,2018,4470671.33,444074.8694,0.0034653465346534654,0.29268292682926833,0.3957449052226411,0.43333333333333335,0.22702045776787522,0.416368923971749,0.7556818181818183,0.20383340640070144,0.27762339403250347,0.33,Riesgo medio de gentrificación
133,PALOMERAS BAJAS,2019,4470671.33,444074.8694,0.02178217821782178,0.29878048780487804,0.402414911286283,0.4372168284789644,0.23747214907838768,0.46722060656418773,0.7613636363636365,0.21830191436504456,0.28091450017707303,0.35,Gentrificando
134,PALOMERAS SURESTE,2016,4470708.716,445907.486,0.0,0.2378048780487805,0.4297276633887849,0.6042071197411003,0.17391128215515494,0.33111757374324885,0.7585227272727273,0.14586818646792343,0.2449717629329938,0.33,Riesgo medio de gentrificación
134,PALOMERAS SURESTE,2018,4470708.716,445907.486,0.0004950495049504951,0.34146341463414637,0.4260103872821703,0.4964401294498382,0.18890014178651002,0.3684254258412962,0.7528409090909092,0.1807148911296215,0.2571333207431893,0.33,Riesgo medio de gentrificación
134,PALOMERAS SURESTE,2019,4470708.716,445907.486,0.015346534653465346,0.34756097560975613,0.43128311934829033,0.462621359223301,0.2030787927891432,0.4174491067719152,0.7556818181818183,0.19240099371620634,0.2631655831804944,0.34,Riesgo medio de gentrificación
135,PORTAZGO,2018,4471314.521,444982.7317,0.0019801980198019802,0.32926829268292684,0.27734570667791514,0.3529126213592233,0.10378772533927486,0.3020357291233901,0.7414772727272727,0.18396726581908518,0.23002791845139683,0.28,Riesgo bajo de gentrificación
135,PORTAZGO,2019,4471314.521,444982.7317,0.010396039603960395,0.29268292682926833,0.28409480372254886,0.3464401294498382,0.11180879076362163,0.3391773992521811,0.7471590909090909,0.20548648253689902,0.23278307452090835,0.29,Riesgo medio de gentrificación
136,NUMANCIA,2016,4472306.995,444116.7652,0.0,0.17682926829268295,0.4925522659566054,0.6970873786407767,0.22163257038687462,0.6744495222268383,0.7357954545454546,0.1676329095425983,0.22953754006349913,0.38,Gentrificando
136,NUMANCIA,2018,4472306.995,444116.7652,0.007425742574257425,0.21951219512195122,0.4954259049326408,0.5726537216828479,0.2428195260279522,0.7488159534690485,0.7357954545454546,0.2077989186029519,0.2401448330010076,0.39,Gentrificando
136,NUMANCIA,2019,4472306.995,444116.7652,0.06287128712871287,0.21341463414634146,0.5070786427987661,0.5535598705501619,0.26003645938829245,0.8201911092646447,0.7414772727272727,0.2347999415461055,0.2422074345959394,0.4,Gentrificando
141,PAVONES,2018,4472183.36,446353.3523,0.0,0.07926829268292683,0.08180643800585273,0.09352750809061489,0.07356694348794815,0.0705442459493145,0.7897727272727273,0.2536466462078036,0.32850736890319376,0.2,Riesgo bajo de gentrificación
141,PAVONES,2019,4472183.36,446353.3523,0.0009900990099009901,0.07926829268292683,0.08236007487279534,0.08915857605177993,0.07632165282560259,0.07793934358122143,0.7897727272727273,0.2379552827707146,0.3291038559440349,0.2,Riesgo bajo de gentrificación
143,MARROQUINA,2018,4473543.376,445646.4672,0.0004950495049504951,0.3353658536585366,0.23218475653159684,0.21067961165048543,0.3073931537370873,0.1304528458662235,0.71875,0.3121215841005407,0.39033704510863254,0.29,Riesgo medio de gentrificación
143,MARROQUINA,2019,4473543.376,445646.4672,0.006435643564356436,0.3353658536585366,0.23033930030845481,0.2029126213592233,0.3171966781446222,0.1402575820523473,0.7159090909090909,0.34027181060938183,0.38679346023117206,0.3,Riesgo medio de gentrificación
144,MEDIA LEGUA,2019,4473682.217,444272.189,0.008415841584158416,0.10365853658536586,0.1576810524373204,0.1511326860841424,0.18420093173992302,0.13851267137515577,0.7073863636363638,0.3053070290808125,0.3468283457438941,0.23,Riesgo bajo de gentrificación
145,FONTARRÓN,2018,4472512.703,445115.9638,0.0019801980198019802,0.10365853658536586,0.15359468508607735,0.16537216828478965,0.11476605225845656,0.1749065226422933,0.7017045454545455,0.24439924009937164,0.27047288735644437,0.21,Riesgo bajo de gentrificación
145,FONTARRÓN,2019,4472512.703,445115.9638,0.00891089108910891,0.0975609756097561,0.1578128707389734,0.16375404530744336,0.12173384646546485,0.19891981719983381,0.7102272727272728,0.2696969165570656,0.2746788065006853,0.22,Riesgo bajo de gentrificación
146,VINATEROS,2019,4472936.191,445482.8128,0.006435643564356436,0.11585365853658537,0.14381376710342464,0.1268608414239482,0.14818715819323475,0.1588699626090569,0.6647727272727273,0.27766768960982025,0.2847554596232921,0.21,Riesgo bajo de gentrificación
151,VENTAS,2018,4474850.803,445079.4926,0.005940594059405941,0.3170731707317073,0.4642640584218713,0.4122977346278317,0.3853757342515698,0.6113834648940589,0.6875,0.27898991670320034,0.27223888678409486,0.38,Gentrificando
151,VENTAS,2019,4474850.803,445079.4926,0.04801980198019802,0.32926829268292684,0.47169861063510055,0.420873786407767,0.40725136722706096,0.6584129621936019,0.6875,0.30927487943884263,0.2582110139043852,0.4,Gentrificando
152,PUEBLO NUEVO,2018,4475266.901,446095.6831,0.0029702970297029703,0.3231707317073171,0.6069705517914107,0.5231391585760518,0.4653028154749848,0.7945990859991691,0.7329545454545455,0.26391582639193334,0.29002671350509224,0.44,Gentrificando
152,PUEBLO NUEVO,2019,4475266.901,446095.6831,0.03514851485148515,0.34146341463414637,0.6238696580633255,0.5197411003236246,0.4962932955235973,0.8912339011217282,0.7386363636363638,0.28319275171708314,0.2940717800416865,0.47,Gentrificando
153,QUINTANA,2016,4476462.964,445289.7605,0.0,0.1951219512195122,0.24133294666631516,0.26310679611650484,0.22750658294510837,0.31690901537183214,0.6761363636363636,0.24450679526523453,0.28501662787280246,0.27,Riesgo bajo de gentrificación
153,QUINTANA,2018,4476462.964,445289.7605,0.0019801980198019802,0.22560975609756098,0.2453138593762358,0.2114886731391586,0.24456147457970426,0.3527212297465725,0.6732954545454546,0.31368113400555314,0.2937207235702559,0.28,Riesgo bajo de gentrificación
153,QUINTANA,2019,4476462.964,445289.7605,0.03415841584158416,0.2378048780487805,0.2531175028340935,0.20194174757281555,0.258132469110796,0.37681761528874114,0.6761363636363636,0.3676118661405816,0.29633385431812975,0.3,Riesgo medio de gentrificación
154,CONCEPCIÓN,2016,4476721.345,444934.1577,0.0,0.28658536585365857,0.19132108301916637,0.19174757281553398,0.2443589224225238,0.20922309929372662,0.6562500000000001,0.29471518339909397,0.3233370099643653,0.27,Riesgo bajo de gentrificación
154,CONCEPCIÓN,2018,4476721.345,444934.1577,0.0029702970297029703,0.28658536585365857,0.0,0.0,0.0,0.0,0.0,0.41237118223001606,0.0,0.08,Riesgo bajo de gentrificación
154,CONCEPCIÓN,2019,4476721.345,444934.1577,0.030198019801980197,0.3170731707317073,0.0,0.0,0.0,0.0,0.0,0.46651936285255,0.0,0.09,Riesgo bajo de gentrificación
155,SAN PASCUAL,2016,4477117.637,444582.4,0.0,0.042682926829268296,0.16271651156046504,0.15517799352750808,0.23277293903180069,0.11350228500207726,0.6931818181818182,0.34238433435627647,0.39725805199575026,0.24,Riesgo bajo de gentrificación
155,SAN PASCUAL,2018,4477117.637,444582.4,0.0009900990099009901,0.04878048780487805,0.16052832775302522,0.13203883495145632,0.24448045371683208,0.11657665143331948,0.684659090909091,0.441492912465293,0.4098550511387708,0.25,Riesgo bajo de gentrificación
155,SAN PASCUAL,2019,4477117.637,444582.4,0.00693069306930693,0.054878048780487805,0.15947378133980122,0.1226537216828479,0.24942272635203563,0.12189447444952221,0.684659090909091,0.483898874762531,0.41644759429766887,0.26,Riesgo bajo de gentrificación
156,SAN JUAN BAUTISTA,2018,4477988.461,444343.151,0.0004950495049504951,0.054878048780487805,0.11671192428356753,0.063915857605178,0.2256025926676119,0.09007062733693394,0.7329545454545455,0.43549320473476544,0.5425945622163597,0.25,Riesgo bajo de gentrificación
156,SAN JUAN BAUTISTA,2019,4477988.461,444343.151,0.008415841584158416,0.06097560975609756,0.11600010545464132,0.062459546925566344,0.23131456350010127,0.09904445367677606,0.7301136363636364,0.47718602951921674,0.5544765106917744,0.26,Riesgo bajo de gentrificación
157,COLINA,2018,4478807.34,444014.4325,0.0,0.03048780487804878,0.05823732567029606,0.036893203883495145,0.11760178245898319,0.05002077274615704,0.7073863636363638,0.46031389741341516,0.5237573315382723,0.22,Riesgo bajo de gentrificación
157,COLINA,2019,4478807.34,444014.4325,0.005445544554455445,0.03048780487804878,0.05984550895046268,0.03964401294498382,0.12161231517115657,0.05367677606979642,0.7073863636363638,0.5025550197281893,0.5193306021217097,0.23,Riesgo bajo de gentrificación
158,ATALAYA,2019,4479501.192,443626.7881,0.0,0.0,0.013498194089267354,0.005016181229773463,0.029370062791168727,0.013294557540506853,0.7897727272727273,0.5536133274879439,0.6928248150967414,0.23,Riesgo bajo de gentrificación
159,COSTILLARES,2016,4480877.84,443334.1197,0.0009900990099009901,0.09146341463414634,0.20458200416545833,0.13851132686084142,0.4030787927891432,0.08766098878271707,0.8011363636363636,0.39562063422475524,0.5983856036723056,0.3,Riesgo medio de gentrificación
159,COSTILLARES,2019,4480877.84,443334.1197,0.007425742574257425,0.0975609756097561,0.2009701827001661,0.11359223300970873,0.42199716426979944,0.09497299542999584,0.7869318181818182,0.4909332164255443,0.6434832294260245,0.32,Riesgo medio de gentrificación
161,PALOMAS,2018,4478175.942,447754.9382,0.0,0.054878048780487805,0.061770056154596506,0.029288025889967637,0.12116670042535953,0.04993768176152887,0.8693181818181819,0.46018880607920504,0.7891678996125249,0.27,Riesgo bajo de gentrificación
161,PALOMAS,2019,4478175.942,447754.9382,0.00693069306930693,0.06707317073170732,0.0617964198149271,0.031877022653721686,0.12420498278306663,0.05592023265475696,0.8806818181818182,0.4936571679088119,0.79294001877708,0.28,Riesgo bajo de gentrificación
162,PIOVERA,2018,4478532.529,446151.4886,0.0004950495049504951,0.10365853658536586,0.1410455827687116,0.061003236245954696,0.2754304233340085,0.1692563356875779,0.8636363636363638,0.5493087826976472,0.9389856901040309,0.34,Riesgo medio de gentrificación
162,PIOVERA,2019,4478532.529,446151.4886,0.00495049504950495,0.10365853658536586,0.14157285597532362,0.056957928802589,0.2797245290662346,0.18171998338180306,0.8693181818181819,0.5527423644600322,0.7829054615349857,0.33,Riesgo medio de gentrificación
163,CANILLAS,2018,4479433.42,445426.2189,0.0019801980198019802,0.28658536585365857,0.36782578893253537,0.2813915857605178,0.44780230909459184,0.28666389696717903,0.7244318181818182,0.3669162647961421,0.3841755019740651,0.35,Gentrificando
163,CANILLAS,2019,4479433.42,445426.2189,0.03811881188118812,0.28658536585365857,0.36534760486145895,0.2766990291262136,0.46173789750860844,0.30461154964686327,0.71875,0.3835557504018705,0.361140848567987,0.36,Gentrificando
164,PINAR DEL REY,2018,4480401.898,445152.0269,0.0024752475247524753,0.3048780487804878,0.47828952571775063,0.4436893203883495,0.4620214705286611,0.42152056501869545,0.7017045454545455,0.3155610112523747,0.325387928986953,0.38,Gentrificando
164,PINAR DEL REY,2019,4480401.898,445152.0269,0.024257425742574258,0.31097560975609756,0.4819804381640347,0.4349514563106796,0.4839781243670245,0.4688824262567511,0.7045454545454546,0.3185351454040625,0.3263040936892096,0.39,Gentrificando
165,APÓSTOL SANTIAGO,2018,4480844.351,444105.2521,0.0,0.0,0.14186285623896022,0.13980582524271845,0.15803119303220578,0.09937681761528873,0.7528409090909092,0.29453631448195233,0.3542569169517794,0.22,Riesgo bajo de gentrificación
165,APÓSTOL SANTIAGO,2019,4480844.351,444105.2521,0.0034653465346534654,0.0,0.14494740449764046,0.12637540453074433,0.16309499696171764,0.11657665143331948,0.7556818181818183,0.36750080374104926,0.3602543247724216,0.23,Riesgo bajo de gentrificación
166,VALDEFUENTES,2016,4482753.289,446176.0779,0.0,0.006097560975609756,0.5813714376103978,0.3257281553398058,0.8113024103706704,0.3260490236809306,0.809659090909091,0.4072927078766623,0.5071987817683901,0.42,Gentrificando
166,VALDEFUENTES,2018,4482753.289,446176.0779,0.0024752475247524753,0.18902439024390244,0.619282381165801,0.2982200647249191,0.9266761191006684,0.3961778147071042,0.8181818181818182,0.5409627356422622,0.5404411068976611,0.48,Gentrificando
166,VALDEFUENTES,2019,4482753.289,446176.0779,0.027227722772277228,0.20121951219512196,0.6457778597980544,0.31035598705501616,1.0,0.4587453261321146,0.8238636363636365,0.48826771883676756,0.5195339368106076,0.5,Gentrificando
172,SAN CRISTÓBAL,2019,4465820.907,441533.8022,0.005940594059405941,0.1524390243902439,0.18393925812659828,0.24902912621359224,0.0358112213895078,0.4291649356044869,0.8920454545454547,0.1528838228846997,0.19174152202483502,0.25,Riesgo bajo de gentrificación
173,BUTARQUE,2018,4465394.096,442559.7779,0.0004950495049504951,0.11585365853658537,0.2117792834357122,0.17168284789644014,0.11387482276686246,0.20232654756958868,0.8125,0.20297179599590823,0.29113066831651624,0.24,Riesgo bajo de gentrificación
173,BUTARQUE,2019,4465394.096,442559.7779,0.004455445544554456,0.12804878048780488,0.2104347367588516,0.17475728155339806,0.11966781446222402,0.21836310760282507,0.8125,0.22917316966242876,0.2941777921444453,0.24,Riesgo bajo de gentrificación
174,LOS ROSALES,2018,4467464.76,441536.5956,0.0009900990099009901,0.18292682926829268,0.37138488307716644,0.3966019417475728,0.18096009722503545,0.5498961362692147,0.8011363636363636,0.1770311266988163,0.2743574874861306,0.33,Riesgo medio de gentrificación
174,LOS ROSALES,2019,4467464.76,441536.5956,0.019306930693069307,0.18902439024390244,0.3782921620837837,0.3818770226537217,0.1883329957464047,0.5992521811383464,0.809659090909091,0.20757328657021773,0.27689965384827797,0.34,Riesgo medio de gentrificación
175,LOS ÁNGELES,2018,4467482.211,440632.5318,0.0004950495049504951,0.25,0.2754738867944425,0.3181229773462783,0.15900344338667208,0.366846697133361,0.7329545454545455,0.16295659798334064,0.27094327985611705,0.28,Riesgo bajo de gentrificación
175,LOS ÁNGELES,2019,4467482.211,440632.5318,0.009405940594059406,0.25609756097560976,0.28572935066304606,0.33171521035598706,0.17002228073728984,0.4139592854175322,0.7357954545454546,0.19585678795849773,0.27432775002925475,0.3,Riesgo medio de gentrificación
181,CASCO HISTÓRICO DE VALLECAS,2016,4466332.267,447496.1334,0.0004950495049504951,0.4207317073170732,1.0,1.0,0.6019850111403686,0.7098462816784379,0.7215909090909092,0.20539529446149352,0.2594711869145921,0.55,Gentrificando
181,CASCO HISTÓRICO DE VALLECAS,2018,4466332.267,447496.1334,0.0019801980198019802,0.28658536585365857,0.4209749281590256,0.5103559870550162,0.14360947944095603,0.49696717906107185,0.7670454545454547,0.20448224462954842,0.2737892896493954,0.35,Gentrificando
181,CASCO HISTÓRICO DE VALLECAS,2019,4466332.267,447496.1334,0.02524752475247525,0.29268292682926833,0.4275131159210145,0.544336569579288,0.15304840996556612,0.5455754050685501,0.7698863636363636,0.23825105947683764,0.23680216905782855,0.36,Gentrificando
182,SANTA EUGENIA,2019,4470494.392,448110.1432,0.0024752475247524753,0.18292682926829268,0.23273839339853944,0.236084142394822,0.19971642697994732,0.20855837141670128,0.7727272727272728,0.23134648545959374,0.3559324488564017,0.27,Riesgo bajo de gentrificación
191,CASCO HISTÓRICO DE VICÁLVARO,2016,4471000.988,450789.392,0.0,0.04878048780487805,0.5380823073475521,0.5622977346278317,0.42296941462426574,0.39875363523057744,0.8068181818181819,0.21281776998392518,0.31773603720194477,0.37,Gentrificando
191,CASCO HISTÓRICO DE VICÁLVARO,2018,4471000.988,450789.392,0.0,0.29878048780487804,0.3417521288655717,0.4147249190938511,0.13032205792991694,0.5357706688824262,0.7443181818181819,0.21531492035656877,0.3330821097528431,0.33,Riesgo medio de gentrificación
191,CASCO HISTÓRICO DE VICÁLVARO,2019,4471000.988,450789.392,0.008415841584158416,0.2378048780487805,0.3500566818697108,0.3975728155339806,0.14506785497265545,0.5719152471956792,0.7500000000000001,0.25043986555604264,0.23729698875422073,0.33,Riesgo medio de gentrificación
201,SIMANCAS,2016,4476263.737,446981.6721,0.0,0.2804878048780488,0.27014842740766126,0.3215210355987055,0.21170751468503138,0.2943913585375986,0.7102272727272728,0.2030653222270934,0.28492123629035654,0.29,Riesgo medio de gentrificación
201,SIMANCAS,2018,4476263.737,446981.6721,0.0009900990099009901,0.3536585365853659,0.2793229812027102,0.27119741100323624,0.22932955235973262,0.34540922309929367,0.7215909090909092,0.2777553704515563,0.3028593916488725,0.31,Riesgo medio de gentrificación
201,SIMANCAS,2019,4476263.737,446981.6721,0.02574257425742574,0.3719512195121951,0.2898157180142891,0.26601941747572816,0.24448045371683208,0.3909430826755297,0.7301136363636364,0.2921607482098495,0.23209254760020656,0.32,Riesgo medio de gentrificación
202,HELLÍN,2019,4475772.544,447680.4837,0.00495049504950495,0.03048780487804878,0.08642007856370779,0.11181229773462784,0.03718857605833502,0.09530535936850851,0.7045454545454546,0.186563787812363,0.27807370409376647,0.17,Riesgo bajo de gentrificación
203,AMPOSTA,2019,4475241.334,447234.3454,0.0019801980198019802,0.10365853658536586,0.08491734992486356,0.12281553398058252,0.030139760988454525,0.11449937681761528,0.7244318181818182,0.19696273564226216,0.37534338073175,0.19,Riesgo bajo de gentrificación
204,ARCOS,2016,4474693.643,447607.4973,0.0,0.13414634146341464,0.2288892989902718,0.3092233009708738,0.12181486732833705,0.15538014125467386,0.7556818181818183,0.17303755662721026,0.2571420102598089,0.24,Riesgo bajo de gentrificación
204,ARCOS,2018,4474693.643,447607.4973,0.0009900990099009901,0.1524390243902439,0.2273338430307664,0.25420711974110033,0.13558841401660926,0.1730785209804736,0.7585227272727273,0.21509747186906328,0.271415603359483,0.24,Riesgo bajo de gentrificación
204,ARCOS,2019,4474693.643,447607.4973,0.009900990099009901,0.16463414634146342,0.23202657456961323,0.25032362459546925,0.14283978124367025,0.19576235978396342,0.7670454545454547,0.2370550927955575,0.5309410514778551,0.28,Riesgo bajo de gentrificación
205,ROSAS,2018,4475395.532,449590.4285,0.0,0.3597560975609756,0.2730220663836967,0.20631067961165048,0.33040307879278913,0.1263813876194433,0.8153409090909092,0.3539932778021335,0.41873303371880033,0.32,Riesgo medio de gentrificación
205,ROSAS,2019,4475395.532,449590.4285,0.014356435643564355,0.4085365853658537,0.27755661596055997,0.2040453074433657,0.34040915535750454,0.1436643124221022,0.8125,0.38376969165570657,0.307666818443557,0.32,Riesgo medio de gentrificación
206,REJAS,2018,4477317.169,451648.3991,0.0014851485148514852,0.024390243902439025,0.18784107985552714,0.10048543689320388,0.22236175815272433,0.21221437474034066,0.7045454545454546,0.311300891421891,0.3688480636088065,0.24,Riesgo bajo de gentrificación
206,REJAS,2019,4477317.169,451648.3991,0.016336633663366337,0.024390243902439025,0.18857926234478395,0.1080906148867314,0.23127405306866516,0.24063149148317406,0.7102272727272728,0.21156451848604413,0.3059096050827107,0.23,Riesgo bajo de gentrificación
207,CANILLEJAS,2016,4477135.693,448224.083,0.0,0.21341463414634146,0.2790329809390736,0.3237864077669903,0.18270204577678753,0.3053593685085168,0.7500000000000001,0.1839988309221102,0.29473990731954675,0.28,Riesgo bajo de gentrificación
207,CANILLEJAS,2018,4477135.693,448224.083,0.0,0.22560975609756098,0.2764229785663441,0.2567961165048544,0.1968806967794207,0.3389281262982966,0.7414772727272727,0.23700248429051585,0.30226010465267616,0.29,Riesgo medio de gentrificación
207,CANILLEJAS,2019,4477135.693,448224.083,0.014356435643564355,0.23170731707317074,0.27370752155229233,0.24336569579288025,0.20449665788940652,0.3591192355629414,0.7414772727272727,0.27464913049831946,0.30226010465267616,0.29,Riesgo medio de gentrificación
208,SALVADOR,2016,4477373.192,446491.5939,0.0,0.07926829268292683,0.10107827370752155,0.08576051779935275,0.1610289649584768,0.06472787702534274,0.7613636363636365,0.31025222855472745,0.48605477407836095,0.23,Riesgo bajo de gentrificación
208,SALVADOR,2018,4477373.192,446491.5939,0.0,0.09146341463414634,0.0,0.0,0.0,0.0,0.0,0.3671617711530031,0.0,0.05,Riesgo bajo de gentrificación
208,SALVADOR,2019,4477373.192,446491.5939,0.007425742574257425,0.10975609756097561,0.0,0.0,0.0,0.0,0.0,0.39585211164693845,0.0,0.06,Riesgo bajo de gentrificación
211,ALAMEDA DE OSUNA,2018,4478581.448,449818.2184,0.0014851485148514852,0.12804878048780488,0.17149561045055495,0.08818770226537218,0.3087299979744784,0.08674698795180723,0.7698863636363636,0.3852637731988893,0.5047758548843001,0.27,Riesgo bajo de gentrificación
211,ALAMEDA DE OSUNA,2019,4478581.448,449818.2184,0.011386138613861386,0.12804878048780488,0.1681474255885687,0.09546925566343042,0.31383431233542636,0.09173244702949729,0.7642045454545455,0.32979687271664476,0.2449091984133329,0.24,Riesgo bajo de gentrificación
212,AEROPUERTO,2019,4481029.075,452237.8537,0.00495049504950495,0.024390243902439025,0.01995729087026443,0.01650485436893204,0.00785902369860239,0.03132530120481927,0.7642045454545455,0.0,0.40199383855341564,0.14,Riesgo bajo de gentrificación
213,CASCO HISTÓRICO DE BARAJAS,2016,4480530.185,450931.3676,0.0,0.006097560975609756,0.08109461917692652,0.0872168284789644,0.04569576665991493,0.09871208973826338,0.684659090909091,0.23077129913780506,0.3216293268482505,0.17,Riesgo bajo de gentrificación
213,CASCO HISTÓRICO DE BARAJAS,2019,4480530.185,450931.3676,0.00891089108910891,0.1402439024390244,0.08333553030502755,0.062459546925566344,0.05509418675308892,0.11533028666389696,0.6903409090909092,0.3454227677919041,0.3613583761340302,0.21,Riesgo bajo de gentrificación
214,TIMÓN,2018,4480810.557,448842.3002,0.0009900990099009901,0.10365853658536586,0.13303103002820912,0.07637540453074433,0.13874822766862466,0.0906522642293311,0.7585227272727273,0.3772380534853135,0.38881763485260845,0.23,Riesgo bajo de gentrificación
214,TIMÓN,2019,4480810.557,448842.3002,0.016831683168316833,0.10975609756097561,0.13790830718937017,0.08527508090614887,0.14972655458780634,0.10220191109264644,0.7585227272727273,0.3940201665935993,0.40149428789797503,0.24,Riesgo bajo de gentrificación
215,CORRALEJOS,2019,4479457.295,448527.2781,0.0029702970297029703,0.06707317073170732,0.06915188104716459,0.0372168284789644,0.1321855377759773,0.04221022019110926,0.8409090909090909,0.4316060207511325,0.307666818443557,0.21,Riesgo bajo de gentrificación
